topic,n_records,text,sections_covering_it,narrative_explanation,differential_content
topic_5 topic_0,19,"Compliance risks crowdfunding. neglected aspect money laundering, terrorist financing fraud Purpose: study aims highlight risks threats posed crowdfunding. also looks new European Union regulation crowdfunding, intended give participants confidence specific minimum regulatory standards protect parties mis-selling issues affecting platforms. Design/methodology/approach: paper based upon thorough literature review. Findings: Crowdfunding essential alternative financing commercial non-commercial projects. Although fast-growing digital financial tool, also considered extremely risky. ideal platform money laundering facilitate financing terrorism fraud. Originality/value: Crowdfunding still infancy, literature yet sufficiently addressed compliance risks crowdfunding. result, significant research gap. Thus, study aims analyse propose suggestions mitigate risks crowdfunding stakeholders may face deciding participate crowdfunding activity want set one up. 2022, Emerald Publishing Limited.
Signaling herding reward-based crowdfunding paper investigates signaling herding behavior interact crowdfunding markets give raise information cascade, even identifiable experts, typical case reward-based crowdfunding. Using daily funding data projects launched Kickstarter one month, find initial phase campaign, funding decisions reduced number early backers based information quality signals offered creator. However, second phase, signaling substituted herding behavior large number late backers, imitating early backers. results suggest that, even absence identifiable experts, backers self-select early late backers depending ability process information, herding signaling generates information cascade ameliorates asymmetric information problems. findings relevant (i) creators, obtain better results targeting crowdfunding campaigns better informed potential contributors, (ii) regulators, expect backers self-selection herding work together protect uninformed backers fraud deception even participation restricted. Author(s) 2024.
STUDY MECHANISM IMPLEMENTATION CRIMES RELATED PYRAMID SCHEMES METHODS PREVENTION objectives scientific work conduct detailed analysis mechanism implementation pyramid schemes, classification, features, pro-vides opportunity highlight methods prevention search methods re-duce level criminal activity. objectives study achieved thanks methodological approaches reveal theoretical practical aspects work. methodological approaches include theoretical, dialectical, formal-legal, well methods deduction, induction, synthesis, others. course study mechanism implementation pyramid schemes, current state pyramid schemes considered. authors study regulations activities financial pyramids territory several countries. article listed risks crowdfunding impact economic security economic system whole. addition, shortcomings criminal procedure legislation highlighted. specificity commission type crime lies detection avernment, based recommendations made improve legislation, well methods ways crime prevention related pyramid schemes. Â© 2023, University Zagreb Faculty Economics Business. rights reserved.
Initial Coin Offerings: Hybrid Empirical Review Abstract : study reviews initial coin offerings (ICOs) based 80 empirical studies 2018 2022. apply blend bibliometric content analysis consolidate ICOsâ prior findings, track evolutionary impact, explore semantic discourse underlying theories entrepreneurial finance. content analysis concludes five main streams extensively explain advent ICOs, main features, embedded technologies, pricing, valuation, regulatory frameworks, frauds, scams. contributes better understanding ICOs hype following contexts: benefits versus challenges, decentralised system versus market stability, speculative behaviour herding versus market efficiency, geographical spread versus systematic risk. study beneficial portfolio managers, hedgers, wealth managers, investors, policymakers, regulators, entrepreneurs. Plain English Summary: ICO Boom Bust: Next? study fosters knowledge ICOs new financing avenue. consolidates prior empirical studies extracts valuable findings different perspectives: benefits versus challenges, decentralised system versus market stability, speculative behaviour herding versus market efficiency, geographical spread versus systematic risk. study reviews initial coin offerings (ICOs) based 80 empirical studies 2018 2022. impacts portfolio managers, hedgers, wealth managers, investors, policymakers, regulators, entrepreneurs. Â© 2023, Author(s), exclusive licence Springer Science+Business Media, LLC, part Springer Nature.
Artificial intelligence algorithms cloud computing technologies blockchain-based fintech management Research background:Fintech development shapes corporate investment efficiency economic growth innovative tools, decrease financing constraints enterprises, enabling direct indirect financing furthering inter-bank competition. Crowdfunding-and blockchain-based fintech operations harness deep maching learning algorithms, augmented virtual reality technologies, big data analytics mobile payment transactions. Purpose article: show fintechs reconfigured financial service delivery harnessing AI-based data-driven algorithms cloud blockchain technologies. Fintech optimizes financial organization services, economic structures growth, data analysis, digital banking performance. Machine learning algorithms streamline payment operation capabilities process promptness, ensuring smooth operational flows, assessing risks, detecting frauds money laundering historical data customer behavior analysis across instant payment networks infrastructures. Methods: Quality tools: AXIS, Eppi-Reviewer, PICO Portal, SRDR. Search period: July 2023. Search terms: âfintechâ + âartificial intelligence algorithmsâ, âcloud computing technol-ogiesâ, âblockchain technologiesâ. Selected sources: 40 195. Published research inspected: 2023. Data visualization tools: Dimensions VOSviewer. Reporting quality assessment tool: PRISMA. Findings & value added: Fintech development enables organizational innovation mitigating information asymmetry financing limitations providing financial assistance tax incentives relation products services. fintech growth influenced dynamic intermediary function financial institutions terms sustainability economic development. Fintech natural resources negatively influence, green innovations financial development further, environmental sustainability. Â© Institute Economic Research (Poland).
Crowdfunding as disinformation: Pitching 5G and election fraud campaigns on GoFundMe; This paper argues that the current disinformation studies literature lacks any sustained analysis of a crucial element in any communication campaign Ð its sources of funding. The paper argues that crowdfunding platforms are arguably better networked and Ôcross platform enabledÕ than most social media sites to spread disinformation. And that disinformation actors have weaponized crowdfunding to amplify and sustain the spread of their grievances and forms of disinformation. The paper offers a rich qualitative study of a set of election fraud and 5G themed campaigns on the GoFundMe crowdfunding platform. The study questions how networked content and financial appeals in the crowdfunding pitch can contribute to the disinformation literature and potential solutions.
quality initial coin offering white papers influences fundraising: Using security token offerings white papers benchmark recent years, many initial coin offerings (ICOs) scams reported, attracting attention relatively new unregulated ICO market, lacks disclosure requirements therefore suffers intensifying problems information asymmetry inherent crowdfunding. prospectus-type document, ICO white paper serves major means voluntary disclosure practices adopted ventures seeking external financing. Given importance ICO white paper difficulty assessing quality, propose benchmark white paper content security token offerings (STOs)âa regulated ICO subset. Using similarity ICO white papers STO white papers proxy disclosure quality, document ICO campaigns white papers similar STO white papers likely raise funding successfully. findings provide implications policymakers, ICO fundraisers, investors importance white paper quality. Â© 2023 John Wiley & Sons Ltd.
Analysis crowdfunding platforms microgrid project investors via q-rung orthopair fuzzy hybrid decision-making approach Effective crowdfunding platforms positively contribute toward improving microgrid energy management systems. Therefore, comprehensive analysis required understand key factors responsible success crowdfunding systems considering various criteria. study evaluates crowdfunding platforms microgrid project investments. context, novel fuzzy decision-making model includes two different stages proposed. First, selected criteria crowdfunding platforms microgrid project investments evaluated. Second, alternatives, regarding microgrid project investments, ranked. process, multi-stepwise weight assessment ratio analysis (M-SWARA) approach based q-rung orthopair fuzzy sets (q-ROFSs) considered. Intuitionistic Pythagorean fuzzy sets also used calculation process make comparative evaluation. Similarly, sensitivity analysis ranking alternatives also conducted 12 different q values. results rather similar; thus, findings reliable. Another model also created purpose help decision-making trial evaluation laboratory (DEMATEL) technique order preference similarity ideal solution methodologies check performance proposed model. defined considering q-ROF DEMATEL weights, ranking results vary different cases. proposed model M-SWARA reliable model created via DEMATEL method. situation provides information regarding superiority model proposed study. concluded security important factor crowdfunding platforms smart-grid project investors. Additionally, solar panels energy storage systems/batteries significant alternatives microgrid project investors. Necessary measures taken forestall risk fraud may occur platform. Therefore, website established must secure possible hacking attacks. Another important conclusion study solar panels preliminarily developed increase effectiveness microgrid systems. Â© 2022, Author(s).
Regulating Charitable Crowdfunding Charitable crowdfunding global rapidly growing new method raising money benefit charities individuals need. mass fundraising existed hundreds years, crowdfunding distinguishable earlier efforts low cost, speed implementation, broad reach. Reflecting advantages, accounts annually billions dollars raised tens millions donors hundreds internet platforms, including Charidy, Facebook, GoFundMe, GlobalGiving. Although charitable crowdfunding campaigns raise modest amounts, occasion campaign attracts tens millions dollars donations. However, charitable crowdfunding also downsides. Donors may misunderstand beneficiaries use funds raised, campaign unexpectedly goes viral may overwhelm small charity greatly exceed individualâs needs. also instances outright fraud, well concerns raised money laundering terrorist financing. Existing laws relating charitable solicitations charities generally either uncertain limited application charitable crowdfunding. Broader fraud money laundering laws may apply worst abuses, government officials rarely invoke usually criminal statutes. challenge faced regulators therefore whether modify existing laws address downsides new activity without unduly inhibiting generosity charitable crowdfunding encourages. challenge made difficult lack information regarding positive effects downsides crowdfunding. Finally, existing scholarship relating charitable crowdfunding focuses either motivations donors tax implications instead addressing regulatory issue, even governments developing proposals address activity. Article reviews existing, incomplete information regarding charitable crowdfunding theories regulating face uncertainty develop recommendations addressing new growing phenomenon. Given know little positive negative effects charitable crowdfunding, given harms likely modest, primarily financial, often readily cured, recommend regulators time take two modest steps. First, require notification designated beneficiaries help ensure funds raised reach beneficiaries. Second, require notification regulators, small subset campaigns cross relatively high threshold provide information scale growth charitable crowdfunding help resolve problems arise largest campaigns. therefore disagree initial steps taken regulators impose comprehensive consent administration requirements many charitable crowdfunding campaigns. requirements unnecessary hindrances new innovative way encouraging generosity, given little evidence widespread problems, potential harm almost certainly relatively small easily remedied occurs. Â© 2022 Trustees Indiana University. rights reserved.
Secured Crowdfunding Platform Using Blockchain Crowdfunding platform used collect small amount large number people. Traditional platform easy track usage fund. Hence campaign creator use money need.This paper proposes solution prevent fraud crowdfunding platforms using blockchain smart contracts. main aim solution propose solution reduce effects. important feature Blockchain maintains transparency among nodes network. proposing solution keeping feature mind implement campaign smart contracts designed crowdfunding websites campaign managers need get approval based requirements backers. proposed solution implemented using Ethereum tested Rinkeby Network. Â© 2021, Springer Nature Singapore Pte Ltd.
ICOs, next generation IPOs Purpose: purpose paper recognize benefits initial coin offering (ICO) way raising funds present detailed comparison ICO initial public offering realize future possibilities new funding method holds. Design/methodology/approach: exhaustive review ICO, mechanism crowdfunding, blockchain technology behind it, benefits current shortcomings ICO, potential future development ICO convenient efficient way raising capital. Findings: ICOs brought billions dollars funding startups projects worldwide less two years. Concurrently, many successful ICOs yielded extremely high returns investors believers new way funding businesses. Research limitations/implications: ICO revolutionary vehicle business funding, raised concerns among users well potential investors risk lack regulation. future innovative funding method highly depends development placement appropriate regulatory supervision, better understanding risk benefits attaining confidence users. Originality/value: review advantages drawbacks ICO. current fraud, market cybersecurity risks mitigated standardized regulations developed, ICO future become established way capital funding even replace existing options, regardless size age companies. Â© 2019, Emerald Publishing Limited.
Topic predictions optimized recommendation mechanism based integrated topic modeling deep neural networks crowdfunding platforms accelerated growth rate internet users applications, primarily e-business, accustomed people write comments reviews product received. reviews remarkably competent shape customers' decisions. However, crowdfunding, investors finance innovative ideas exchange rewards products, comments investors often ignored. comments play amarkedly significant role helping crowdfunding platforms battle bitter challenge fraudulent activities. take advantage language modeling techniques aim merge neural networks identify hidden discussion patterns comments. objective design language modeling based neural network architecture, Recurrent Neural Networks (RNN) Long Short-Term Memory (LSTM) used predict discussion trends, i.e., either towards scamor non-scam. LSTMlayers fed latent topic distribution learned pre-trained Latent Dirichlet Allocation (LDA) model. order optimize recommendations, used Particle Swarm Optimization (PSO) baseline algorithm. module helps investors find secure projects invest (with highest chances delivery)within preferred categories. used prediction accuracy, optimal number identified topics, number epochs, metrics performance evaluation proposed approach. compared results simple Neural Networks (NNs) NN-LDA based performance metrics. strengths integrated models suggest proposed model play substantial role better understanding crowdfunding comments. Â© 2019 authors.
Fraud tolerance optimal crowdfunding Reward-based crowdfunding enables credit-constrained entrepreneurs raise money develop create innovative products. Crowdfundersâ low monitoring incentives open door fraud. practice, fraud surprisingly rare. Strausz (2017) proves crowdfunding implements optimal ex post individually rational mechanism design outcome environment entrepreneurial moral hazard private cost information. However,ex post individual rationality precludes crowdfunding unless fraud prevented certainty. Actual crowdfunding tolerates fraud. show (i) generates strictly higher profits welfare, (ii) cannot implement optimal ex interim individually rational outcome. Â© 2019
Blockchain based crowdfunding systems Initially, blockchain used foundation cryptocurrency, today, see rise new emerging technology implemented many industries. future, technologies around world expected use blockchain efficient way make online transactions. One areas blockchain technologies applied crowdfunding platforms. common problem current crowdfunding scene around world including campaigns regulated crowd-funding campaign turned fraud. Besides, completion projects also significantly delayed. project aims solve problems applying Ethereum smart contracts crowdfunding site contracts fully automatically executed, thus preventing frauds ensuring projects delivered within duration given. Â© 2019, Institute Advanced Engineering Science. rights reserved.
Fraud Medical Crowdfunding: Typology Publicized Cases Policy Recommendations Medical crowdfunding increasingly popular means leveraging social networks raise money health-related expenses. providing crucial access care many, also accompanied increased risks fraudulent activity. many cases fraud publicized news media, research articles mention potential increased risk fraud, little known types fraud occur within medical crowdfunding. article develops typology fraud cases described news media retrieving 52 cases medical crowdfunding fraud search news media online aggregator crowdfunding fraud. identified following categories fraud: faking/exaggerating one's illness (n = 29), faking/exaggerating another's illness (n = 7), impersonation (n = 8), misapplication funds (n = 8). Building findings, identify several limitations existing anti fraud policies, offer five policy recommendations identify instances medical crowdfunding fraud, prevent fraud, offer better outcomes victims. Â© 2018 Policy Studies Organization
State equity crowdfunding investor protection Since Kansas enacted first blue sky law 1911, securities regulation sought protect investors fraud speculation. Historically, meant precluding substantial numbers small businesses raising capital form equity investments. order facilitate small-business capital formation, 2012 federal government passed Jumpstart Business Startups Act (JOBS Act). Although Title III JOBS Act required Securities Exchange Commission undergo rulemaking allow small-dollar equity investments, agency dragged feet. interim, states anxious jumpstart economies took initiative. Legislation enacted half states. Although laudable attempt make raising capital easier, legislation potentially provides avenue fraudulent offerings significant investor losses. Comment reviews historical context state crowdfunding exemptions passed compares enacted state laws JOBS Actâs requirements. argues order effectively prevent fraud enabling small-business capital formation, states adopt specific protection measures crowdfunding laws. prophylactic measures, including requirements issuers intermediaries, well protections investors, promise better help business also protecting investors. Â© 2016, University Washington School Law. rights reserved.
Introduction crowdfunded public-private partnership model United States: Policy review crowdfund investing Crowdsourcing; Investments; 'current; Business start-ups; Equity investors; Modeling results; Online platforms; Partnership models; Project funding; Public/private partnerships; Regulatory environment; State policy; Taxation Crowdfunding tool raise capital project venture individuals (the crowd) intermediary online platform. United States, passage Jumpstart Business Startups Act 2012 led rapidly changing legislative regulatory environment provides flexibility use crowdfunding financial mechanism project funding. flexibility used public-private partnership (PPP) projects provides opportunity engage institutional individual investors direct equity investors. crowdfunded PPP model results enhanced version current PPP model creates value beyond financing benefits. novelty approach potential impact taxpayers, comprehensive look approach needed. paper introduces crowdfunded PPP model begins policy review model using analysis strengths, weaknesses, opportunities, threats (SWOT). analysis looks lenses various prisms, including SWOT. strengths equal investment opportunities, return equity, enhanced stakeholder support, increased transparency. weaknesses induced complexity, administrative accounting challenges, third-party confidential information, social equity. opportunities enhanced prioritization idea exchange. threats business failure, potential fraud, possible misconceptions. Future research needed development study implications implementation enhanced PPP model uses crowdfunding.
need innovation principle regulatory impact assessment: case finance innovation Europe Many Europe's economies hampered waning number innovations, part attributable European financial system's aversion funding innovative enterprises initiatives. Specifically, Europe's innovation finance ecosystem lacks scale, plurality, risk appetite. problems could addressed new creative approaches technologies financing dynamism economy, crowdfunding general financial technology ""FinTech"" innovation. However, novel approaches may held back regulation focuses stability, avoiding forum shopping, preventing fraud, exclusion interests, particularly ignoring innovation renewal. article argues could addressed adopting ""innovation principle"" regulatory impact assessment: prioritizing regulatory approaches serve promote innovation also addressing regulatory aims. Two case studies presented illustrate approach. Â© 2014 Policy Studies Organization.
Crowdfunding securities new federal statute authorizes online ""crowdfunding"" securities, new idea based concept ""reward "" crowdfunding practiced Kickstarter websites. method selling securities previously banned federal securities law new CROWDFUND Act overturns prohibition. Article introduces CROWDFUND Act explains expected two primary effects securities law capital markets. First, liberate startup companies use peer networks Internet obtain modest amounts capital low cost. Second, help democratize market financing speculative startup companies allow investors modest means make investments previously offered solely wealthy, so-called ""accredited"" investors. Article also offers two predictions securities crowdfunding play practice. First, predicts companies sell equity via crowdfunding may find subject hostile takeovers (though founders companies easily avoid outcome act little foresight). Second, predicts issuers may prefer crowdfund debt securities, bonds, rather equity. Article concludes thoughts SEC's implementation Act light potential fraud. Â© 2013 University Notre Dame.","definitions of fraud, fraud across platform types,fraud detection through ML, application cases in literature","This row focuses heavily on the regulatory and compliance landscape of crowdfunding, highlighting risks like money laundering and terrorist financing. It explores the evolution of financing through Initial Coin Offerings (ICOs) and the transition from traditional legal frameworks (like the US JOBS Act) to digital financial tools. A significant narrative involves investor behavior, specifically how signaling and herding behaviors create information cascades that can either protect or mislead uninformed backers.",This row is distinct for its focus on macro-level economic security and the formal legal/regulatory challenges of emerging financial technologies.
topic_6  topic_9,9,"build trust Gen online donation crowdfunding: experimental study Crowdsourcing; Websites; Affective trust; Cognitive trust; Donation crowdfunding platform; Donation intention; Experimental study; Generation Y; Online donations; Online environments; Privacy breaches; Uncertainty; article; cognition; controlled study; experimental study; human; human experiment; information asymmetry; Internet; money; multivariate analysis; privacy; vignette; Multivariant analysis charitable organisation, responding internets increasing role individuals lives, use online crowdfunding platforms solicit monetary donations. due inherent uncertainties online environments associated risks privacy breaches, information asymmetry, misuse donated money, fraudulent activities, building trust fundraiser potential donors key issue. study explores whether crowdfunding website features build trust Generation (Gen Y) donating online. study, developing multi-construct trust model, examined impact core elements cognitive affective trust potential Gen donors attitudes donation intentions. study employed vignette-based experiment using 2 X 2 X 2 between-subjects design testing causal inferences. total eight webpage vignettes designed manipulating three factors related design features donation-based crowdfunding platform i.e. credential information, visual & interactive communication, narrative style. experiment data collected 233 Indian Gen participants. hypothesised relationships tested using multivariate analysis techniques. 2023 Informa UK Limited, trading Taylor & Francis Group.
Role Social Presence, Social Media Attribute Empathetic Concern Donation Intention Indonesia Donation-Based Crowdfunding Crowdsourcing; Data handling; Social networking (online); Cross-platform; Donation; Donation-based crowdfunding platform; Indonesia; Performance; Platform components; Platform elements; Social media; Social media platforms; Social presence; Statistical methods Donation-based crowdfunding platforms offer support facing healthcare challenges, threat fraud worries users, potentially discouraging donations. main objectives identify critical social media platform components affect performance donation-based crowdfunding campaigns combine cross-platform elements anticipate enhance success campaigns precisely. study employs quantitative technique focuses statistical analysis empirical data gathered via online questionnaires targeting individuals interested in, used, donated donation-based crowdfunding platforms utilizing purposive sample 164 respondents filtered 144 respondents. data collected May 2023 June 2023. study used SmartPLS data processing software statistical technique SEM used process acquired data. study uses descriptive statistics describe research's findings highlighting significant patterns trends data. According results, Social Presence impacts User Participation, Perceived Trust, Donation Attitude, Donation Intention. Â© 2023 IEEE.
Backers Beware: Characteristics Detection Fraudulent Crowdfunding Campaigns Crowdsourcing; Classification (of information); Crowdsourcing; Feature Selection; Natural language processing systems; Crowdfunding; Deception detection; Features selection; Funding sources; Imminent threats; Language processing; Linguistic cue; Natural language processing; Natural languages; Scam; crowdsourcing; procedures; Linguistics Crowdfunding seen enormous rise, becoming new alternative funding source emerging companies new startups recent years. crowdfunding prevails, also substantial risk occurrence fraud. Though growing number articles indicate crowdfunding scams new imminent threat investors, little known primarily due lack measurement data collected real scam cases. paper fills gap collecting, labeling, analyzing publicly available data hundred fraudulent campaigns crowdfunding platform. order find understand distinguishing characteristics crowdfunding scams, propose use broad range traits including project-based traits, project creator-based ones, content-based ones linguistic cues Named Entity Recognition features, etc. propose use feature selection method called Forward Stepwise Logistic Regression, 17 key discriminating features (including six original hitherto unused ones) scam campaigns discovered. Based selected 17 key features, present discuss findings insights distinguishing characteristics crowdfunding scams, build scam detection model 87.3% accuracy. also explore feasibility early scam detection, building model 70.2% classification accuracy right time project launch. discuss features sections helpful early scam detection day 0 thereafter. Â© 2022 authors.
call BS: Fraud Detection Crowdfunding Campaigns Crime; Fixed platforms; Automatic Detection; Blockings; Crowdfunding; DL; Ensemble algorithms; Fraud; Fraud detection; Image-based features; Images processing; Machine-learning; Image processing Donations charity-based crowdfunding environments rise last years. Unsurprisingly, deception fraud platforms also increased, thoroughly studied understand characteristics expose behavior allow automatic detection blocking. Indeed, crowdfunding platforms ones typically performing oversight campaigns launched service. However, properly incentivized combat fraud among users campaigns launch: one hand, platform's revenue directly proportional number transactions (since platform charges fixed amount per donation); hand, platform transparent respect much fraud has, may discourage potential donors participating. paper, take first step studying fraud crowdfunding campaigns. analyze data collected different crowdfunding platforms, annotate 700 campaigns fraud not. compute various textual image-based features study distributions associate campaign fraud. Using attributes, build machine learning classifiers, show possible automatically classify fraudulent behavior 90.14% accuracy 96.01% AUC, using features available campaign's description moment publication (i.e., user money activity), making method applicable real-time operation user browser. Â© 2022 ACM.
Hybrid Fraud Detection Model: Detecting Fraudulent Information Healthcare Crowdfunding Commerce; Crime; Crowdsourcing; Diseases; Health care; Health insurance; Data set; Detection models; Fraud detection; Fraud process; Health-related problems; LDA; Online platforms; Problem-based; Social SVD; Collaborative filtering crowdfunding market, various crowdfunding platforms offer founders possibilities collect funding launch someoneâs next campaign, project events. Especially, healthcare crowdfunding field growing rapidly health-related problems based online platforms. One largest platforms, GoFundMe, raised US$ 5 billion since 2010. Unfortunately, providing crucial help care many people, also increasing risk fraud. Using largest platform crowdfunding market, GoFundMe, conduct exhaustive search detection fraud October 2016 September 2019. Data sets based 6 main types medical focused crowdfunding campaigns events, cancer, vitro fertilization (IVF), leukemia, health insurance, lymphoma and, surgery type. study evaluated detect fraud process identify fraud non-fraud healthcare crowdfunding campaigns using various machine learning technics. Â© 2022 KSII
crowdfunding: Financial flows risks Bayesian networks; Copyrights; Crime; Decision trees; Economics; Electronic trading; Finance; Learning algorithms; Machine learning; Predictive analytics; Regulatory compliance; Risks; Comparative analysis; Financial flows; International experiences; Key characteristics; Naive Bayesian Classifier; Predictive models; Project success; Regulatory bodies; Crowdsourcing article analyzes financial flows crowdfunding implemented various types crowdfunding platforms. positive effect crowdfunding Russian economy. consider crowdfunding platforms invest providing loans, purchasing equity securities, acquiring utilitarian digital rights. discuss systematize risks inherent types crowdfunding platforms, including risks bankruptcy, fraud unfair practices, risks disclosure information presented platform limited amount, cross-border risk, risk illegal use platform users, liquidity risk associated difficulty implementing purchased investments, types risks. propose machine learning algorithms analyzing crowdfunding financial flows based neural networks, decision trees sequentially divide projects placed crowdfunding platform clusters based key characteristic, naive Bayesian classifier, predictive models predicting project success. comparative analysis discussed algorithms carried out. article analyzes international experience supervision crowdfunding regulators. example Italian regulatory body Consob, oversees activities crowdfunding platforms monitors compliance securities-related regulations. use machine learning tools development crowdfunding platforms risk-based preventive supervision crowdfunding discussed. Â© 2021 Copyright paper authors.
rewards delivered time rewards-based crowdfunding campaigns? empirical exploration Finance; Text mining; Academic community; Causes delays; Delivery deadlines; Financial goals; New projects; Project complexity; Real problems; Technological projects; capital; crowdsourcing; entrepreneur; Crowdsourcing Crowdfunding alternative way seek capital new projects. However, also danger entrepreneurs facing post-campaign phase delays delivery promised rewards. Crowdfunding campaigns require months preparation meeting delivery deadlines seems real problem. study, try explain case. drawing dataset 1,567 successfully funded new technological projects period 2009â2017, means text mining routine, study presents comprehensive description causes delay rewards delivery crowdfunding campaigns. findings reveal perceived incompetence, fraud, funding cancellation, main causes delay rewards delivery. Furthermore, controlling presence serial project creators, project appeal (% new backers), project complexity (number FAQs, days funding, number updates, number comments), project financial size (% funded, amount raised, financial goal, average pledge per backer), well time, mitigate eliminate problem. Results provide thorough contribution implications agents crowdfunding industry (e.g., creators, backers), platform managers, academic community. Â© 2020 Elsevier Inc.
Crowdfunding health: Economic risks benefits Crowdsourcing; Healthcare Financing; Humans; Risk Assessment; Social Media; financial services; health care; health policy; innovation; public health; awareness; drawing; fraud; funding; global health; health care policy; health economics; human; human experiment; interview; market; medical research; money; morality; patent; public health; traction therapy; crowdsourcing; ethics; health care financing; procedures; risk assessment; social media; trends Crowdfunding expanding form alternative financing gaining traction health sector. article presents typology crowdfunded health projects review main economic benefits risks crowdfunding health market. use evidence literature review, complimented expert interviews, extend fundamental principles established theories crowdfunding health market context. Crowdfunded health projects classified four types according venture's purpose funding method. projects covering health expenses, fundraising health initiatives, supporting health research, financing commercial health innovation. Crowdfunding could economically benefit health sector expanding market participation, drawing money awareness neglected health issues, improving access funding, fostering project accountability social engagement. However, economic risks health-related crowdfunding include inefficient priority setting, heightened financial risk, inconsistent regulatory policies, intellectual property rights concerns, fraud. Theorized crowdfunding behaviours signalling herding observed market health-related crowdfunding. Broader threats market failure stemming adverse selection moral hazard also apply. Many discussed economic benefits risks crowdfunding health campaigns shared broadly crowdfunding projects sectors. crowdfunding health care appears diverge theory negative externality inefficient priority setting may towards achieving broader public health goals. Therefore, market crowdfunding health care must economically stable, well designed optimally equitably improve public health. Â© 2017 Authors
P2P lending fraud detection: big data approach Behavioral research; Crime; Data mining; Finance; Information science; Peer peer networks; Financial fraud detections; Financial institution; Investment opportunities; Loan request fraud; P2p lending; Research methodologies; Research questions; Transaction history; Big data P2P lending directly connects borrowers lenders without financial institution intermediary. new form crowdfunding brings lenders investment opportunities, also poses unprecedented risks default fraud. research-in-progress paper focuses specific type fraud, loan request fraud, may unique lenders Chinese P2P lending sites due lack nationwide credit rating systems China. propose research questions surrounding problem loan request fraud (its types, features, detection methods) present research methodology project plans. Specifically, plan develop data mining based methods employ big data approach address research questions. help large volumes data variety sources, able find ways leverage rich datasets user behaviors transaction histories detect loan request fraud effectively efficiently. Â© Springer International Publishing Switzerland 2015.","definitions of fraud, types of fraud strategies, fraud across platform types, fraud detection through ML, issues related to data sources, addressing class imbalance, application cases in literature","The narrative here shifts toward trust-building and psychological factors in donation-based crowdfunding, particularly among Generation Y. It details specific fraud detection methodologies using machine learning to analyze textual and image-based features with high accuracy. There is also a strong focus on healthcare crowdfunding, categorizing frauds such as faking illnesses on platforms like GoFundMe","Unlike the broad regulatory focus of the first row, this row is deeply rooted in applied detection techniques and the behavioral aspects of donation-based platforms"
topic_8  topic_1,8,"Blockchain-Powered Crowdfunding: Assessing Viability, Benefits, Risks Decentralized Approach Blockchain; Cost effectiveness; Risk assessment; Transparency; Background information; Block-chain; Comparatives studies; Crowdfunding; Decentralisation; Decentralized approach; Design implements; Performance; Potential benefits; Research papers; Smart contract research paper presents comparative study traditional crowdfunding platforms crowdfunding platforms use blockchain technology. paper first provides background information crowdfunding challenges faced investors, fraud lack transparency. explains blockchain technology potential benefits crowdfunding platforms, increased security, transparency, efficiency. paper outlines methodology used design implement crowdfunding platform using blockchain technology collects data analyze platforms performance. results analysis show blockchain-based crowdfunding platforms several advantages traditional platforms, increased security, transparency, cost-effectiveness. Additionally, paper evaluates platforms performance using various parameters compares traditional crowdfunding platforms. study finds blockchain-based crowdfunding platforms significant advantages traditional platforms, faster transaction processing lower transaction fees. Finally, paper discusses implications research findings, makes recommendations future work, highlights limitations study. Overall, study provides valuable insights potential blockchain technology crowdfunding platforms serves basis research area. Â© Author(s), exclusive license Springer Nature Singapore Pte Ltd 2024. decentralized trust management mechanism crowdfunding Behavioral research; Crowdsourcing; Economic social effects; Audit; Block-chain; Decentralised; Fraud prevention; Fraudulend crowdfunding; Management mechanisms; Organisational; Prevention measures; Third parties; Trust management; Blockchain Crowdfunding act raising funds public support individual organizational project, success crowdfunding projects lies gaining backers' trust. practice, however, crowdfunding platforms rife fraudulent crowdfunding projects. crowdfunding platforms use third-party auditors verify projects publishing, also runs risk collusion crowdfunders auditors. recent introduction blockchain increased transparency crowdfunding, they, too, lack fraud prevention measures. Obviously, existing crowdfunding trust management schemes applicable zero-trust scenario. study, propose blockchain-based trust management mechanism crowdfunding address fraudulent behavior existing crowdfunding systems. introduce auditor committee audit crowdfunding projects credibly. random selection algorithm blockchain enables distributed generation auditor committees trade-off randomness selection auditor expertise. audit results based independent auditing audit committee members presented smart contract, avoiding influence third parties. addition, also provide incentive mechanism encourage auditors perform accurate audits. Theoretical analyses experiments show scheme effectively deal malicious behaviors acceptable overhead. Â© 2023 Elsevier Inc. Crowdfunding Fraud Prevention using Smart Contracts Blockchain; Crowdsourcing; Distributed ledger; Address; Block-chain; Digital assets; Digital datas; Explorer; Fraud prevention; NFT; Process schemes; Simple++; Wallet; Smart contract Crowdfunding method generating money project company soliciting contributions many individuals, typically online. people engaged getting monies, trust crucial. Therefore, research aid analysis integrate smart contracts Blockchain technology prevalent crowdfunding process schemes. makes simpler consumers hold digital assets data, blockchain crucial. worldwide distributed digital ledger that, addition using trusted dependable technology, guarantees transparency network participants. Smart contracts number benefits, including quicker transaction times, enhanced security, quicker money transfers, better liquidity. significant benefit platform increased visibility project, helps stakeholders, including creators, backers, administrators platform. Â© 2023 IEEE. Crowdfunding Campaigns Web Application using Metamask Block-chain; Crowdfunding; Decentralised; Decentralized distributed; Hybrid mode; Immutable; Metamask; Transparent; WEB application; Web applications; Blockchain work presented paper discusses crowdfunding. platform innumerable people, group people, organization companies able contribute. Investors able contribute project passionate earn profit also, typically someone needs raise money launch business. Conventionally, organization use hard cash transaction purpose, less amount investors able contribute process traditional. COVID-19 work hybrid mode. case online transaction various security issues like money frauds etc comes; investor's participation less. implement proposed system transparent secure way blockchain used, investors invest money terms cryptocurrency. use blockchain, investor participate anywhere. Crowdfunding powered blockchain modifies traditional method financing. Web application designed investors participate Metamask wallet used investors. Blockchain immutable, transparent, decentralized distributed security accomplishment virtuous. Â© 2023 IEEE. Leveraging Power Blockchain Technology Building Resilient Crowdfunding Solution Authorization; Blockchain; Crowdsourcing; 'current; Block-chain; Initial coin offering; Integrated development environment; Number peoples; Online platforms; Power; Remix integrated development environment; Startup; Token; Smart contract Crowdfunding fundraising method involves raising small amounts money large number people, typically online platforms. allows individuals, businesses, organizations present projects, ideas, causes global audience request financial support crowd potential backers. Crowdfunding gained popularity across various industries, including technology, arts, entrepreneurship, social causes, more. provides democratized approach financing, allowing innovative creative ideas come life support diverse community backers. current research explores potential blockchain technology smart contracts revolutionize traditional crowdfunding methodologies. Traditional crowdfunding plagued issues lack transparency, centralized intermediaries, slow payment processing, fraud, limited access. response challenges, blockchain solutions offer transparent decentralized approach, allowing contributors track contributions, eliminate intermediaries, automate fund disbursement, enable cross-border transactions. Tokenization reduced entry barriers enhance accessibility participation. current research presents conceptual model implementation smart contract-based crowdfunding system using Solidity, addressing issues providing foundation future research field decentralized crowdfunding. research scope expanded encompass Initial Coin Offerings (ICOs) means fundraising startups. Within context, fungible tokens, adhere ERC-20 standard, generated using OpenZeppelin library. tokens subject approval startup, granting authorization crowdfunding manager purpose distributing tokens contributors based respective contributions. percentage tokens made available distribution customized suit specific needs preferences startup. Â© 2023 Elsevier B.V.. rights reserved. Review: Blockchain based Crowdfunding Decentralized Application Ethereum; Block-chain; Breakings; Crowdfunding; Decentralised; Decentralized application; Innovative ideas; One stop; Stress free; Venture capitalists; Blockchain Raising funds starting new initiatives entrepreneurial ventures without doubt challenging task. Also, rampant frauds crowdfunding gives rise doubt concept crowdfunding. Traditionally, crowdfunding key success many start-ups ventures. increasing competition swindling data necessity develop system assured investors, venture capitalists individuals stress-free experience investing continuing legacy supporting new ideas creators. Thus, blockchain technology one stop solution problem. Blockchain provides us decentralized, permissionless secured environment. paper introduce enhanced version Ethereum based crowdfunding raising funds path breaking projects ideas. main goal develop smart contract enable investors contribute innovative ideas secure manner guarantee money. Â© 2022 IEEE. Large Scale Medical Crowdfunding Platform using Smart Contracts Blockchain Blockchain; Cryptography; Ethereum; Insurance; Block-chain; Ethereum blockchain; File storage; Health costs; High costs; Interplanetary file storage; Large-scales; Medical procedures; Patient health; Solidity; Smart contract paper summarizes proposed system used crowdfunding using blockchain. Crowdfunding blockchain securely provides crypto-denominated assets emergency cases use Blockchain Tech. Overcrowding emergency rooms (ED) negative impact patients' health, accessibility, high cost care community healthcare systems. goal assist users quickly safely digitizing crowdfunding process organizing security threat posed frauds. Smooth transactions made possible Ethereum Blockchain's safe encryption cryptocurrencies utilised crowdfunding. huge number little donations, Project Crypto-bute assists achieving objective. Additionally, streamlines simplifies process asking money. Distributed funding techniques make possible raise money rapidly without incurring debt. answer described main tenet guide curating needs. particular times medical emergency, obtaining medical financing ought hassle-free, quickly provide distributed funds. costs necessary medical procedures critical medical issues financed here. medical insurance policies cover costs necessary medical conditions treatments, obtain financing here. aim reduce competitive interest rates, low credit scores, payback plans proposed crowdfunding effort. Blockchain technology used case quickly raise funds, promoting stress-free medical procedures. Â© 2022 IEEE. Crowdfunding fraud prevention using blockchain Blockchain; Computation theory; Ethereum; Managers; Crowdfunding; Decentralized models; Fraud prevention; Malicious activities; Online transaction; Project managers; Solidity; Traditional models; Crowdsourcing Online crowdfunding enables people raise funds project. People interested project donate making online transaction. donated money goes project manager, uses complete project make product. existing method online crowdfunding major drawback. allow contributors control money contributed. Since existing method project manager control money contributed easily perform malicious activities. address problem faced existing online crowdfunding platforms using ethereum network smart contract. development Blockchain technology allowed businesses build decentralized models. derived new methods conduct transactions make agreements. One technologies propose alternative traditional model smart contract. smart contract similar contract physical world, digital represented tiny computer program stored blockchain. smart contracts used implement logic. method proposed uses smart contract manage activities performed crowdfunding campaign. proposed method implemented various features tested funding campaigns rinkeby test network. Â© 2019 Bharati Vidyapeeth, New Delhi. Copy Right Bulk transferred IEEE Bharati Vidyapeeth.","definitions of fraud, fraud across platform types, fraud detection through blockchain, application cases in literature",This row centers on the technical implementation of blockchain and smart contracts to solve transparency issues. Narratives emphasize decentralized applications (DApps) that automate fund disbursement to prevent project managers from misusing funds. It highlights the use of the Ethereum network and specialized tools like Metamask and Solidity to create secure environments for investors,"This is the most technologically prescriptive row, focusing on the ""how-to"" of building blockchain solutions to bypass traditional intermediaries"
topic_1  topic_8,5,"Open Permissioned Blockchain Solution Private Equity Funding Using Global, Cross-Cloud Network Blockchain Platform Blockchain; Investments; Mirrors; Block-chain; Capitalization table; Cloud networks; Equity funding; Mirror table; Private equity; Private equity funding; R3 corda; Security; Spreadsheet tables; Smart contract capitalization table, commonly known cap table, comprehensive record ownership equity distribution within company. serves document, typically form spreadsheet database table, outlines securities shares company presents equity capitalization company. However, cap tables maintained centralized databases susceptible significant attacks. Corda emerged blockchain platform specifically designed business applications, prioritizing privacy scalability. Corda operates private blockchain, enabling communication exclusively involved parties transaction. primary objective facilitate secure efficient value-added transactions data sharing among businesses. solution, Corda-based platform proposed bring together companies investors private equity funding. proposed platform leverages secure version cap table, referred mirror table, deliver cap table functionalities. utilizing blockchain technology provided Corda, transactions become secure tamper-proof, significantly reducing risk fraudulent activities enhancing investor confidence. innovative approach potential revolutionize crowdfunding industry establishing secure transparent means businesses raise capital investors participate investments. Â© Author(s), exclusive license Springer Nature Singapore Pte Ltd 2024. Decentralized Crowdfunding Solution top Ethereum Blockchain Blockchain; Ethereum; 'current; Block-chain; Centralised; Cloud servers; Complete control; Decentralisation; Decentralised; Hardhat; Solidity; Technological advancement; Smart contract today's tech world, several crowdfunding platforms enable investors organizations smooth flow transactions, creating huge hype market. However, security concerns fear fraud biggest blow suffered users networks. history crowdfunding platforms demonstrates massive frauds public subjected recent years. paper provides completely decentralized method creating crowdfunding platform Ethereum Blockchain proposed system. lot attention attracted Blockchain technology result rise cryptocurrencies decentralized apps. common paradigm among newly emerging Blockchain-based crowdfunding, eliminates centralized cloud servers uses smart contracts fulfill every transaction. Blockchain, promising decentralized paradigm, used provide technological advancements like decentralization accountability addition fixing problems current crowdfunding methods. fundamental objective solution encourage accountability, transparency, traceability stakeholders always complete control investments. Â© 2022 IEEE. ecosystem dairy logistics supply chain blockchain technology Blockchain; Crime; Crowdsourcing; Dairies; Ecosystems; Internet things; Supply chains; Annual consumption; Block-chain; Cows' milk; Dairy logistic; Decentralisation; Food-borne illness; Food-safety; Logistics supply; Logistics supply chains; Supply system; Smart contract 2020, annual consumption fluid cow milk worldwide 81 million tons, use dairy products 222.5 billion pounds [1]. However, big dairy market, supply system series problems including diarrheal disease causes 760, 000 childhood deaths annually [2]. Among reasons, food fraud, illegal production, foodborne illness critical. paper presents brand new dairy logistic supply ecosystem blockchain technology. Taking advantage many attributes blockchain decentralization, security, transparency, solves problems mentioned centralized dairy supply systems cannot solve. blockchain approach guarantees provide customers fresh safe dairy products fair prices. data system open participants Internet things (IoT) lowers labor decrease errors. important attribute smart contracts crowdfunding function, eco-society created. finally discuss difference e-commence model Internet eco-commence model Blockchain. system future? answer waiting us dig out. Â© 2021 IEEE. Blockchain-Based Crowdfunding: Trust Building Model Authentication; Crowdsourcing; Electronic document identification systems; Ethereum; Block-chain; Building model; Centralized approaches; Cyber-crimes; Digital identity; Digital identity management; Identity management systems; Solidity; Trust building; User identity; Smart contract Blockchain-based crowdfunding one new, upcoming alternatives traditional centralized approach crowdfunding. Traditional crowdfunding platforms vulnerable data leaks, high transaction platform fees, rampant frauds happens due anonymity user's identity i.e., users cannot identified commit cybercrimes. blockchain immutable decentralized, reduce possibility data breaches. brings transparency central authority blockchain-based crowdfunding system. paper attempts solve existing issues aid digital identity management system underlying Blockchain system. implementing blockchain digital identity management system, malicious users identified action taken them. paper explores donation-based crowdfunding using Ethereum framework tested Rinkeby Test Network. system conduct several crowdfunding campaigns simultaneously. paper explains smart contract written Solidity language detail. Â© 2021 IEEE. Crowdfunding Periodic Milestone Payments Using Smart Contract Implement Fair E-Voting Crowdsourcing; Information systems; Information use; Metadata; Open Data; Multi stage; Online projects; Private channels; Robust security; Voting systems; Electronic voting paper develops new voting system use fundraising increases fairness investors approving multi-stage funding project. voting system method people choose one two possibilities. electronic voting, vital secure vote fraud, selecting robust security protocol critical. online projects, issues requiring performance continued payment, fairness investors regardless money invest. avoid fiascos projects request vast sums money deliver, define smart contracts supporting projects milestones sequence opportunities investors vote whether continue. project multiple milestones, new algorithm Anwar gives investor equal say equal risk money runs out. protocol works smart contract requires central authority, parties, private channel. Â© 2020, Springer Nature Switzerland AG.","definitions of fraud, types of fraud strategies, fraud detection through blockchain, application cases in literature","these texts discuss permissioned blockchains (e.g., Corda) for private equity funding and cap table management. It introduces novel narratives like using blockchain for dairy logistics supply chains to prevent food fraud and the use of voting systems for milestone-based payments to ensure project accountability.","It differentiates itself by applying blockchain to niche industry sectors (equity, supply chain, e-voting) rather than just general crowdfunding"
topic_6  topic_8,3,"Securing blockchain-based crowdfunding platforms: integrated graph neural networks machine learning approach Anomaly detection; Blockchain; Cybersecurity; Denial-of-service attack; Machine learning; Malware; Network security; Program debugging; Risk assessment; Anomaly detection; Block-chain; Crowdfunding; Cyber security; Decentralised; Digital tokens; Graph neural networks; Machine learning approaches; Machine-learning; Neural network learning; Smart contract Blockchain-based crowdfunding form crowdfunding uses blockchain technology facilitate fundraising process. Blockchain technology provides decentralized, transparent, secure platform crowdfunding allowing creation smart contracts issuance digital tokens. However, Blockchain-based crowdfunding systems suffer security issues, possibility fraud, risk assessment, smart contracts bugs, cyber-attacks. paper proposes integrating artificial intelligence models prevent smart contract vulnerabilities anomaly detection. Thus, deploy Graph Neural Networks models protect Blockchain-based crowdfunding platforms smart contracts-based attacks reentrancy infinite loop attacks. Then, use machine learning model anomaly detection prevent attacks advanced persistent threats, malware, distributed denial service attacks. experimental study conducted real crowdfunding platform prove feasibility framework draw lessons real-life implementation models. results show approach accurately identify normal abnormal traffic classify correctly specific types attacks. also evaluate performance framework using various evaluation metrics ensure effectiveness detecting anomalies. Author(s), exclusive licence Springer Science+Business Media, LLC, part Springer Nature 2023. KaRuNa: blockchain-based sentiment analysis framework fraud cryptocurrency schemes Blockchain; Crime; Insurance; Investments; Long short-term memory; Sentiment analysis; Transparency; Conventional approach; Financial institution; Insurance companies; Novel algorithm; Pseudoanonymity; Selection criteria; Standard deviation; Trust modeling; Cryptocurrency current open cryptocurrency markets pose varied challenges prospective investor (PI), pseudoanonymity cryptocurrency transactions, selection criteria investments crowdfunding schemes (CF), modus-operandi schemes, non-transparency money generation distribution among peers, untraceable scams. PIs susceptible monetary losses open market due aforementioned issues. fraudsters could internal (operator scheme) external (financial institutions (FI), banks, money-lenders, insurance companies). centrality trust among stakeholders like PI, CF, FI prime concern. Motivated facts, paper proposes decentralized framework, KaRuNa, Blockchain-based Sentiment analysis framework Fraud Cryptocurrency schemes. KaRuNa operates public blockchain three phases trust modeling among stakeholders. first phase, transactions performed blockchain offers trust, auditability, transparency among stakeholders. second phase, sentiment analysis (SA) cryptocurrencies proposed based novel algorithm hash addresses generate classification scores (CS). Parameters like social trends, rise/fall cryptocurrency price, measured standard deviation, peak low selected fed proposed novel Long-short term memory (LSTM) classifier generate recommendations based CS. accuracy 98.99% achieved using LSTM generated CS evaluate risks investment. Results demonstrate KaRuNa achieves scalability compared conventional approaches. Â© 2020 IEEE. Managing risk business centric crowdfunding platforms Crime; Risks; Business-centric; Crowdfunding; Financial institution; Money laundering; Regulation; Research questions; Self-Governance; Small business; Risk management Crowdfunding rapidly growing phenomenon becoming viable alternative traditional financial institutions small business fund seekers. Crowdfunding involves harnessing small individual investments large number investors. paper explores four key risks associated crowdfunding: Money Laundering, IP Theft, Fraud, ""Failure Success."" paper outlines key research questions next stage research, empirically investigate crowdfunding platforms self-govern risks. Â© 2017 ACM.","definitions of fraud, types of fraud strategies, fraud detection through blockchain, fraud detection through ML, application cases in literature",This row combines advanced AI with blockchain security. It discusses the use of Graph Neural Networks (GNN) to detect anomalies and protect platforms from cyber-attacks like reentrancy or infinite loops. Another narrative involves sentiment analysis (KaRuNa framework) using LSTM classifiers to evaluate the risks of cryptocurrency schemes based on social trends,"This row represents the highest level of technical integration, merging complex machine learning architectures with decentralized ledger technology"
topic_9  topic_6,2,"Crowdfunding deception perception: makes would-be contributors perceive fakeness crowdfunding campaigns? Deception perception; Fraud perception; Grounded theory approach; Human evaluation; Public perception; Trustworthiness; Writing quality study illuminates signals cause contributors perceive realness fakeness crowdfunding campaign. grounded theory approach involving 818 human evaluations 225 COVID-19related charitable crowdfunding campaigns identified validity campaign's stated need, descriptive detail writing quality, reputable campaign sponsor important signals realness and/or deception, well factors. Commonly used NLP measures heavy overlap reported signals, reflect roughly half variance explained. Crowdfunding platforms use information help campaign organizers improve public perceptions. Â© AMCIS 2021. rise crowdfunding medical expenses United Kingdom symptomatic systemic gaps health social care? Clinical Decision-Making; Delivery Health Care; Financing, Personal; Gift Giving; Health Care Rationing; Humans; Social Media; Social Welfare; State Medicine; United Kingdom; Article; crowdfunding; financial management; fraud; funding; health care; health care access; health care cost; health equity; human; medical ethics; medical tourism; online social network; priority journal; private sector; resource allocation; social care; social media; United Kingdom; clinical decision making; economics; gift giving; health care delivery; health care organization; national health service; organization management; social welfare Crowdfunding medical care new phenomenon increasingly used individuals seek financial help cover costs health care. Ethical concerns raised medical crowdfunding, including implications equity, resource allocation, medical decision-making, promotion non-evidence based therapies, platformsâ lack transparency corporate interests. Medical crowdfunding efforts may point shortcomings health service provision, tend wider motivations implications. However, firm evidence base establishing answers even basic questions, seeking funds, what, why. Essay, provide introduction medical crowdfunding United Kingdom (UK). synthesize currently known insights might gained exploratory review 400 medical crowdfunding campaigns GoFundMe UK website: instance, whether medical crowdfunding occurs response gaps service provision, supports âqueue jumpingâ relates âmedical tourismâ. conclude call research medical crowdfunding UK (and elsewhere) means better understand patientsâ perceived actual unmet need health social care inform policy development. Â© Author(s) 2020.","definitions of fraud, fraud across platform types, issues related to class imbalance, application cases in literature","The narrative focuses on deception perception—what specifically makes a contributor perceive a campaign as ""fake""—using grounded theory to identify signals like writing quality and sponsor reputation. It also examines the ethical implications of medical crowdfunding in the UK as a symptom of gaps in state-provided healthcare","This row is the most sociological and ethical, focusing on public perception and the systemic reasons why crowdfunding is used for essential services"