,0,1,2,3,4,5,6,7,8,9,10,11,12,13,14
0,payments,periodic,avoid,increases,selecting,define,regardless,requiring,say,channels,approving,channel,choose,fiascos,sums
1,secure,identity,private,raise,voting,supply,dairy,agriculture,existing,solution,internet,centralized,participants,ledger,application
2,causal,employed,fundraiser,cognition,multivariant,webpage,total,subjects,controlled,donating,eight,examined,construct,developing,solicit
3,privacy,whether,generation,review,multi,stage,enhance,covid,identified,gained,seeking,measures,breaches,makes,invest
4,specifically,susceptible,scalability,operates,low,parameters,history,scheme,generated,recommendations,facilitate,methodology,life,methodologies,compared
5,behavior,feasibility,reserved,classify,limitations,etc,perspective,possibilities,modeling,browser,motivated,incentivized,varied,achieved,fraudsters
6,fraud,based,health,campaigns,data,financial,social,research,study,donation,detection,care,risk,risks,features
7,cow,brand,reasons,solves,childhood,pounds,iot,tons,ecosystems,foodborne,advantage,customers,fluid,difference,annually
8,blockchain,smart,contract,online,money,ethereum,contracts,technology,funding,decentralized,using,projects,system,chain,block
9,perception,ensemble,kingdom,textual,united,decision,cognitive,classification,making,and,experimental,article,ones,natural,accuracy
